name,affiliation,homepage,scholarid,orcid
Aaron Sidford,Stanford University,http://www.aaronsidford.com,SWqd2rgAAAAJ,0000-0003-2675-7610
Alex Aiken,Stanford University,https://theory.stanford.edu/~aiken,3vKjkoQAAAAJ,0000-0002-3723-9555
Alexander Aiken,Stanford University,https://theory.stanford.edu/~aiken,3vKjkoQAAAAJ,0000-0000-0000-0000
Anshul Kundaje,Stanford University,https://med.stanford.edu/profiles/anshul-kundaje,T2vp1pgAAAAJ,0000-0003-3084-2287
Ashish Goel,Stanford University,https://web.stanford.edu/~ashishg/ashishg.html,B_rKfusAAAAJ,0000-0002-6598-4712
Aviad Rubinstein,Stanford University,https://cs.stanford.edu/~aviad,ZTsHfNAAAAAJ,0000-0002-6900-8612
Balaji Prabhakar,Stanford University,http://web.stanford.edu/~balaji,TyPF9V4AAAAJ,0009-0006-3106-8720
C. Karen Liu,Stanford University,https://tml.stanford.edu/people/karen-liu,i28fU0MAAAAJ,0000-0001-5926-0905
Chelsea Finn,Stanford University,http://ai.stanford.edu/~cbfinn,vfPE6hgAAAAJ,0000-0001-6298-0874
Chris Piech,Stanford University,https://stanford.edu/~cpiech/bio/index.html,fpT49d8AAAAJ,0000-0001-5140-0467
Christoforos E. Kozyrakis,Stanford University,http://csl.stanford.edu/~christos,G2EJz5kAAAAJ,0000-0000-0000-0000
Christopher D. Manning,Stanford University,https://nlp.stanford.edu/~manning,1zmDOdwAAAAJ,0000-0001-6155-649X
Christopher Piech,Stanford University,https://stanford.edu/~cpiech/bio/index.html,fpT49d8AAAAJ,0000-0000-0000-0000
Christopher Potts,Stanford University,https://web.stanford.edu/~cgpotts,3j08YoAAAAAJ,0000-0002-7978-6055
Christopher Ré,Stanford University,https://cs.stanford.edu/people/chrismre,DnnCWN0AAAAJ,0000-0000-0000-0000
Christos Kozyrakis,Stanford University,http://csl.stanford.edu/~christos,G2EJz5kAAAAJ,0000-0002-3154-7530
Clark Barrett,Stanford University,https://theory.stanford.edu/~barrett,BtwmZfQAAAAJ,0000-0002-9522-3084
Clark W. Barrett,Stanford University,https://theory.stanford.edu/~barrett,BtwmZfQAAAAJ,0000-0002-9522-3084
Dan Boneh,Stanford University,http://crypto.stanford.edu/~dabo,MwLqCs4AAAAJ,0000-0003-0820-0421
Dan Jurafsky,Stanford University,http://web.stanford.edu/~jurafsky,uZg9l58AAAAJ,0000-0000-0000-0000
Daniel Jurafsky,Stanford University,http://web.stanford.edu/~jurafsky,uZg9l58AAAAJ,0000-0000-0000-0000
David Mazières,Stanford University,http://www.scs.stanford.edu/~dm,16rpqWQAAAAJ,0000-0002-1253-6449
Dawson R. Engler,Stanford University,http://web.stanford.edu/~engler,Bz-b2a0AAAAJ,0000-0000-0000-0000
Diyi Yang,Stanford University,https://cs.stanford.edu/~diyiy,j9jhYqQAAAAJ,0000-0003-1220-3983
Dorsa Sadigh,Stanford University,https://dorsa.fyi,MEeYxLMAAAAJ,0000-0002-7802-9183
Doug L. James,Stanford University,https://profiles.stanford.edu/doug-james,r70ags0AAAAJ,0000-0003-3532-8383
Emma Brunskill,Stanford University,http://www.cs.cmu.edu/~ebrun,HaN8b2YAAAAJ,0000-0002-3971-7127
Emma P. Brunskill,Stanford University,http://www.cs.cmu.edu/~ebrun,HaN8b2YAAAAJ,0000-0002-3971-7127
Fei-Fei Li 0001,Stanford University,http://vision.stanford.edu/feifeili,rDfyQnIAAAAJ,0000-0002-7481-0810
Fredrik Kjolstad,Stanford University,https://fredrikbk.com,bCCxZ28AAAAJ,0000-0002-2267-903X
Fredrik Kjølstad,Stanford University,https://fredrikbk.com,bCCxZ28AAAAJ,0000-0002-2267-903X
Gill Bejerano,Stanford University,http://bejerano.stanford.edu/pi.html,NOSCHOLARPAGE,0000-0000-0000-0000
Gordon Wetzstein,Stanford University,https://stanford.edu/~gordonwz,VOf45S0AAAAJ,0000-0002-9243-6885
Gregory Valiant,Stanford University,http://theory.stanford.edu/~valiant,CgItEbQAAAAJ,0000-0001-5523-2974
James A. Landay,Stanford University,https://profiles.stanford.edu/james-landay,oQsObk0AAAAJ,0000-0003-1520-8894
James Y. Zou,Stanford University,https://sites.google.com/site/jamesyzou,23ZXZvEAAAAJ,0000-0000-0000-0000
James Zou 0001,Stanford University,https://www.james-zou.com,23ZXZvEAAAAJ,0000-0001-8880-4764
Jeannette Bohg,Stanford University,https://web.stanford.edu/~bohg,rjnJnEkAAAAJ,0000-0002-4921-7193
Jennifer Widom,Stanford University,http://infolab.stanford.edu/~widom,zdKmnYwAAAAJ,0000-0000-0000-0000
Jiajun Wu 0001,Stanford University,https://jiajunwu.com,2efgcS0AAAAJ,0000-0002-4176-343X
John C. Duchi,Stanford University,https://web.stanford.edu/~jduchi,i5srt20AAAAJ,0000-0003-0045-7185
John C. Mitchell,Stanford University,http://theory.stanford.edu/people/jcm,1_kJPIEAAAAJ,0000-0002-0024-860X
John L. Hennessy,Stanford University,https://president.stanford.edu/biography,tp07xT0AAAAJ,0000-0003-0356-1041
Kayvon Fatahalian,Stanford University,http://graphics.stanford.edu/~kayvonf,ZeG4wDgAAAAJ,0000-0001-8754-0429
Keith Winstein,Stanford University,https://cs.stanford.edu/~keithw,S5sz8gIAAAAJ,0000-0003-2305-8048
Kunle Olukotun,Stanford University,http://arsenalfc.stanford.edu/kunle,IzXDyR8AAAAJ,0000-0002-8779-0636
Leonidas J. Guibas,Stanford University,https://profiles.stanford.edu/leonidas-guibas,5JlEyTAAAAAJ,0000-0002-8315-4886
Li Fei-Fei 0001,Stanford University,http://vision.stanford.edu/feifeili,rDfyQnIAAAAJ,0000-0002-7481-0810
Li-Yang Tan,Stanford University,http://theory.stanford.edu/~liyang,pXzn2akAAAAJ,0000-0002-1279-4384
Maneesh Agrawala,Stanford University,http://graphics.stanford.edu/~maneesh,YPzKczYAAAAJ,0000-0002-8996-7327
Mark A. Horowitz,Stanford University,http://stanford.edu/~horowitz,e7V7-gEAAAAJ,0000-0003-1318-2029
Mark Horowitz,Stanford University,http://stanford.edu/~horowitz,e7V7-gEAAAAJ,0000-0003-1318-2029
Mary Wootters,Stanford University,https://engineering.stanford.edu/people/mary-wootters,LiH53A8AAAAJ,0000-0002-2345-2531
Mehran Sahami,Stanford University,https://profiles.stanford.edu/mehran-sahami,ZasL8IoAAAAJ,0000-0001-9549-6974
Mendel Rosenblum,Stanford University,http://web.stanford.edu/~mendel,NOSCHOLARPAGE,0000-0000-0000-0000
Michael R. Genesereth,Stanford University,http://logic.stanford.edu/people/genesereth,NOSCHOLARPAGE,0000-0001-9124-7487
Michael S. Bernstein,Stanford University,http://hci.stanford.edu/msb,zkhHirIAAAAJ,0000-0001-8020-9434
Monica Lam 0001,Stanford University,https://suif.stanford.edu/~lam,4hS0jZ8AAAAJ,0000-0000-0000-0000
Monica S. Lam,Stanford University,https://suif.stanford.edu/~lam,4hS0jZ8AAAAJ,0000-0002-7626-6468
Monica Sin-Ling Lam,Stanford University,https://suif.stanford.edu/~lam,4hS0jZ8AAAAJ,0000-0000-0000-0000
Moses Charikar,Stanford University,https://profiles.stanford.edu/moses-charikar,zX3ba1kAAAAJ,0000-0003-0807-3389
Moses Samson Charikar,Stanford University,https://profiles.stanford.edu/moses-charikar,zX3ba1kAAAAJ,0000-0000-0000-0000
Nima AhmadiPourAnari,Stanford University,https://nimaanari.com,kmeUhO8AAAAJ,0000-0000-0000-0000
Nima Anari,Stanford University,https://nimaanari.com,kmeUhO8AAAAJ,0000-0002-4394-3530
Oluwasanmi Koyejo,Stanford University,https://cs.stanford.edu/~sanmi,EaaOeJwAAAAJ,0000-0000-0000-0000
Omer Reingold,Stanford University,https://omereingold.wordpress.com,TD9RhcgAAAAJ,0000-0000-0000-0000
Oussama Khatib,Stanford University,http://cs.stanford.edu/group/manips/people/oussama-khatib,4arkOLcAAAAJ,0000-0003-0482-1415
Oyekunle A. Olukotun,Stanford University,http://arsenalfc.stanford.edu/kunle,IzXDyR8AAAAJ,0000-0000-0000-0000
Philip Levis,Stanford University,http://csl.stanford.edu/~pal,I_YsXU4AAAAJ,0000-0000-0000-0000
Ron Fedkiw,Stanford University,http://cs.stanford.edu/~fedkiw,OoItXTkAAAAJ,0000-0000-0000-0000
Ron O. Dror,Stanford University,http://cs.stanford.edu/people/rondror,GTmdNU0AAAAJ,0000-0002-6418-2793
Ronald Fedkiw,Stanford University,http://cs.stanford.edu/~fedkiw,OoItXTkAAAAJ,0000-0000-0000-0000
Sanmi Koyejo,Stanford University,https://cs.stanford.edu/~sanmi,EaaOeJwAAAAJ,0000-0002-4023-419X
Sean Follmer,Stanford University,http://shape.stanford.edu,f3g5oeEAAAAJ,0000-0001-5592-5949
Shuran Song,Stanford University,http://shurans.github.io,5031vK4AAAAJ,0000-0002-8768-7356
Stefano Ermon,Stanford University,https://cs.stanford.edu/~ermon,ogXTOZ4AAAAJ,0000-0003-0039-2887
Subhasish Mitra,Stanford University,https://web.stanford.edu/~subh,SCdhzWoAAAAJ,0000-0002-5572-5194
Tatsunori B. Hashimoto,Stanford University,https://thashim.github.io,5ygiTwsAAAAJ,0000-0000-0000-0000
Tatsunori Benjamin Hashimoto,Stanford University,https://thashim.github.io,5ygiTwsAAAAJ,0000-0000-0000-0000
Tatsunori Hashimoto,Stanford University,https://thashim.github.io,5ygiTwsAAAAJ,0000-0000-0000-0000
Tengyu Ma 0001,Stanford University,http://ai.stanford.edu/~tengyuma,i38QlUwAAAAJ,0000-0000-0000-0000
Ye Jin Choi 0001,Stanford University,https://yejinc.github.io,vhP-tlcAAAAJ,0000-0000-0000-0000
Yejin Choi 0001,Stanford University,https://yejinc.github.io,vhP-tlcAAAAJ,0000-0003-3032-5378
Zakir Durumeric,Stanford University,https://zakird.com,TxPSRHIAAAAJ,0000-0002-9647-4192
Ariel D. Procaccia,Harvard University,http://procaccia.info,8ZpV-lkAAAAJ,0000-0002-8774-5827
Barbara J. Grosz,Harvard University,http://grosz.seas.harvard.edu,NOSCHOLARPAGE,0000-0000-0000-0000
Boaz Barak,Harvard University,http://www.boazbarak.org,XGiiygQAAAAJ,0000-0002-4053-8927
Cynthia Dwork,Harvard University,https://seas.harvard.edu/person/cynthia-dwork,y2H5xmkAAAAJ,0000-0001-7177-3738
David Alvarez-Melis,Harvard University,https://seas.harvard.edu/person/david-alvarez-melis,XsxZrYYAAAAJ,0000-0000-0000-0000
David Brooks 0001,Harvard University,https://www.seas.harvard.edu/directory/dbrooks,vXHA_XYAAAAJ,0000-0002-0662-7889
David C. Parkes,Harvard University,http://www.eecs.harvard.edu/~parkes,JUn8PgwAAAAJ,0000-0002-2701-3464
David M. Brooks,Harvard University,https://www.seas.harvard.edu/directory/dbrooks,TaiBcxgAAAAJ,0000-0000-0000-0000
Eddie Kohler,Harvard University,http://read.seas.harvard.edu/~kohler,VMihW8oAAAAJ,0000-0003-2027-0035
Elena L. Glassman,Harvard University,https://www.seas.harvard.edu/directory/glassman,C_r8d0AAAAAJ,0000-0001-5178-3496
Elena Leah Glassman,Harvard University,https://www.seas.harvard.edu/directory/glassman,C_r8d0AAAAAJ,0000-0000-0000-0000
Fernanda B. Viégas,Harvard University,https://seas.harvard.edu/person/fernanda-viegas,GvXDNsYAAAAJ,0000-0002-4951-4008
Finale Doshi,Harvard University,https://www.seas.harvard.edu/directory/finale,NOSCHOLARPAGE,0000-0003-2886-3898
Finale Doshi-Velez,Harvard University,https://www.seas.harvard.edu/directory/finale,NOSCHOLARPAGE,0000-0003-2886-3898
H. T. Kung 0001,Harvard University,https://www.eecs.harvard.edu/htk,iLQqwosAAAAJ,0000-0002-3348-3788
Hanspeter Pfister,Harvard University,https://www.seas.harvard.edu/directory/pfister,tvBEoaMAAAAJ,0000-0002-3620-2582
Harry R. Lewis,Harvard University,http://lewis.seas.harvard.edu,NOSCHOLARPAGE,0000-0000-0000-0000
Hima Lakkaraju,Harvard University,https://seas.harvard.edu/person/hima-lakkaraju,oWid5PQAAAAJ,0000-0001-7922-6544
Himabindu Lakkaraju,Harvard University,https://seas.harvard.edu/person/hima-lakkaraju,oWid5PQAAAAJ,0000-0001-7922-6544
Hsiang-Tsung Kung 0001,Harvard University,https://www.eecs.harvard.edu/htk,iLQqwosAAAAJ,0000-0000-0000-0000
James Mickens,Harvard University,http://mickens.seas.harvard.edu,7m5-SfEAAAAJ,0009-0007-7296-5185
James W. Mickens,Harvard University,http://mickens.seas.harvard.edu,7m5-SfEAAAAJ,0000-0000-0000-0000
James Waldo,Harvard University,https://www.seas.harvard.edu/directory/waldo,A6y_bqkAAAAJ,0009-0009-0852-5390
Jim Waldo,Harvard University,https://www.seas.harvard.edu/directory/waldo,A6y_bqkAAAAJ,0009-0009-0852-5390
Jonathan L. Zittrain,Harvard University,http://hls.harvard.edu/faculty/directory/10992/Zittrain,aWZ0YN4AAAAJ,0000-0002-3122-0298
Jonathan Zittrain,Harvard University,http://hls.harvard.edu/faculty/directory/10992/Zittrain,aWZ0YN4AAAAJ,0000-0002-3122-0298
Juncheng Yang,Harvard University,https://seas.harvard.edu/person/juncheng-yang,P8HaQPoAAAAJ,0000-0002-0412-1139
Kianté Brantley,Harvard University,https://seas.harvard.edu/person/kiante-brantley,8S5AOggAAAAJ,0000-0002-8395-594X
Krzysztof Gajos,Harvard University,http://www.eecs.harvard.edu/~kgajos,MnnERiQAAAAJ,0000-0000-0000-0000
Krzysztof Z. Gajos,Harvard University,http://www.eecs.harvard.edu/~kgajos,MnnERiQAAAAJ,0000-0002-1897-9048
Leslie G. Valiant,Harvard University,http://people.seas.harvard.edu/~valiant,H509xdsAAAAJ,0000-0000-0000-0000
Madhu Sudan 0001,Harvard University,http://madhu.seas.harvard.edu,D-RwB3YAAAAJ,0000-0003-3718-6489
Martin Wattenberg,Harvard University,https://seas.harvard.edu/person/martin-wattenberg,pv54dqMAAAAJ,0000-0003-0904-4862
Michael D. Smith 0001,Harvard University,http://www.fas.harvard.edu/pages/dean-michael-smith,rzPlMfQAAAAJ,0000-0000-0000-0000
Michael M. Mitzenmacher,Harvard University,http://www.eecs.harvard.edu/~michaelm,e8aRmAsAAAAJ,0000-0000-0000-0000
Michael Mitzenmacher,Harvard University,http://www.eecs.harvard.edu/~michaelm,e8aRmAsAAAAJ,0000-0001-5430-5457
Michael O. Rabin,Harvard University,https://www.seas.harvard.edu/directory/rabin,EFZyUcEAAAAJ,0000-0000-0000-0000
Michael Oser Rabin,Harvard University,https://www.seas.harvard.edu/directory/rabin,EFZyUcEAAAAJ,0000-0000-0000-0000
Milind Tambe,Harvard University,https://teamcore.seas.harvard.edu/tambe,YOVZiJkAAAAJ,0000-0003-3296-3672
Minlan Yu,Harvard University,http://www-bcf.usc.edu/~minlanyu,K1cZ7SsAAAAJ,0000-0002-2381-0212
Nada Amin,Harvard University,http://namin.net,9cGEmcgAAAAJ,0000-0002-0830-7248
Salil P. Vadhan,Harvard University,http://www.eecs.harvard.edu/~salil,37frPb8AAAAJ,0000-0002-4059-4072
Sham Kakade,Harvard University,https://sham.seas.harvard.edu,wb-DKCIAAAAJ,0000-0000-0000-0000
Sham M. Kakade,Harvard University,https://homes.cs.washington.edu/~sham,wb-DKCIAAAAJ,0000-0000-0000-0000
Sham Machandranath Kakade,Harvard University,https://homes.cs.washington.edu/~sham,wb-DKCIAAAAJ,0000-0000-0000-0000
Sitan Chen,Harvard University,https://seas.harvard.edu/person/sitan-chen,YnJVsp4AAAAJ,0000-0002-9450-3332
Stephanie Gil,Harvard University,https://react.seas.harvard.edu/people/stephanie-gil,F_kiAZwAAAAJ,0000-0000-0000-0000
Stephen Chong,Harvard University,http://people.seas.harvard.edu/~chong,5bxyMBwAAAAJ,0000-0002-6734-5383
Steven J. Gortler,Harvard University,http://www.eecs.harvard.edu/~sjg,66qppJsAAAAJ,0000-0000-0000-0000
Stratos Idreos,Harvard University,http://stratos.seas.harvard.edu,rg6Bl5YAAAAJ,0000-0002-8271-9187
Stuart M. Shieber,Harvard University,http://www.eecs.harvard.edu/shieber,oq8WAwsAAAAJ,0000-0002-7733-8195
Susan A. Murphy,Harvard University,https://www.seas.harvard.edu/directory/samurphy,q-DPFdUAAAAJ,0000-0002-2032-4286
Susan Allbritton Murphy,Harvard University,https://www.seas.harvard.edu/directory/samurphy,q-DPFdUAAAAJ,0000-0002-2032-4286
Yannai A. Gonczarowski,Harvard University,https://yannai.gonch.name,nkkMpe0AAAAJ,0000-0002-7887-0490
Yi-Ling Chen,Harvard University,http://yiling.seas.harvard.edu,Q8vaKmUAAAAJ,0000-0000-0000-0000
Yi-ling Chen,Harvard University,http://yiling.seas.harvard.edu,Q8vaKmUAAAAJ,0000-0000-0000-0000
Yiling Chen,Harvard University,http://yiling.seas.harvard.edu,Q8vaKmUAAAAJ,0000-0000-0000-0000
Yiling Chen 0001,Harvard University,http://yiling.seas.harvard.edu,Q8vaKmUAAAAJ,0000-0002-0166-594X
Yilun Du,Harvard University,https://seas.harvard.edu/person/yilun-du,GRMMc_MAAAAJ,0000-0001-6792-5946
Aarti Singh,Carnegie Mellon University,http://www.cs.cmu.edu/~aarti,6jP3ZSEAAAAJ,0000-0000-0000-0000
Aayush Jain,Carnegie Mellon University,https://sites.google.com/view/aayushjain,VZ6S70MAAAAJ,0009-0001-7138-2777
Abhinav Gupta 0001,Carnegie Mellon University,http://www.cs.cmu.edu/~abhinavg,NOSCHOLARPAGE,0000-0000-0000-0000
Adam Perer,Carnegie Mellon University,https://perer.org,wAxr6b8AAAAJ,0000-0002-8369-3847
Aditi Raghunathan,Carnegie Mellon University,https://www.cs.cmu.edu/~aditirag,Ch9iRwQAAAAJ,0009-0009-0012-2490
Akshitha Sriraman,Carnegie Mellon University,http://akshithasriraman.com,y0OuVvAAAAAJ,0000-0000-0000-0000
Alan M. Frieze,Carnegie Mellon University,https://www.math.cmu.edu/~af1p,EqKRQ4YAAAAJ,0000-0002-8481-5615
Alessandro Acquisti,Carnegie Mellon University,http://www.heinz.cmu.edu/~acquisti,2XCryp4AAAAJ,0000-0001-6582-6178
Alexandra Ion,Carnegie Mellon University,http://www.alexandraion.com,pP920LoAAAAJ,0000-0001-5933-1363
Ameet Talwalkar,Carnegie Mellon University,https://www.cs.cmu.edu/~atalwalk,TW7U1W0AAAAJ,0000-0001-6650-1893
Amy E. Ogan,Carnegie Mellon University,https://www.hcii.cmu.edu/people/amy-ogan,I0ZGaCQAAAAJ,0000-0000-0000-0000
Amy Ogan,Carnegie Mellon University,https://www.hcii.cmu.edu/people/amy-ogan,I0ZGaCQAAAAJ,0000-0003-2671-6149
Andreas R. Pfenning,Carnegie Mellon University,http://people.csail.mit.edu/apfenning,Q6VLB4gAAAAJ,0000-0002-7390-5041
Andrej Risteski,Carnegie Mellon University,https://www.andrew.cmu.edu/user/aristesk,NWPDSEsAAAAJ,0000-0000-0000-0000
Andrew Begel,Carnegie Mellon University,https://s3d.cmu.edu/people/core-faculty/begel-andrew1.html,H_oWiFsAAAAJ,0000-0002-7425-4818
Andrew Pavlo,Carnegie Mellon University,http://www.cs.cmu.edu/~pavlo,u1UDm4wAAAAJ,0000-0001-6040-6991
Andy Pavlo,Carnegie Mellon University,http://www.cs.cmu.edu/~pavlo,u1UDm4wAAAAJ,0000-0001-6040-6991
Aniket Kittur,Carnegie Mellon University,https://www.hcii.cmu.edu/people/aniket-kittur,2vZ5zRQAAAAJ,0000-0003-4192-9302
Anupam Datta,Carnegie Mellon University,http://www.andrew.cmu.edu/user/danupam,oK3QM1wAAAAJ,0000-0000-0000-0000
Benjamin Moseley,Carnegie Mellon University,http://www.andrew.cmu.edu/user/moseleyb,qq-SXN8AAAAJ,0000-0001-8162-017X
Bhiksha Raj,Carnegie Mellon University,http://www.cs.cmu.edu/~bhiksha,IWcGY98AAAAJ,0000-0000-0000-0000
Bhiksha Ramakrishnan,Carnegie Mellon University,https://www.cs.cmu.edu/directory/bhikshar,IWcGY98AAAAJ,0000-0003-0038-5513
Bill Scherlis,Carnegie Mellon University,http://www.cs.cmu.edu/~wls,F6LzqwMAAAAJ,0000-0000-0000-0000
Bogdan Vasilescu,Carnegie Mellon University,http://bvasiles.github.io,bcXjlqYAAAAJ,0000-0003-4418-5783
Brad A. Myers,Carnegie Mellon University,http://www.cs.cmu.edu/~bam,E1cp_aYAAAAJ,0000-0002-4769-0219
Brandon Lucia,Carnegie Mellon University,http://brandonlucia.com,a9T7i5QAAAAJ,0000-0003-4130-1099
Bruce H. Krogh,Carnegie Mellon University,https://www.ece.cmu.edu/directory/details/89,s4yZTp4AAAAJ,0000-0000-0000-0000
Bruno Sinopoli,Carnegie Mellon University,https://users.ece.cmu.edu/~brunos,zZO9qG4AAAAJ,0000-0001-5778-4879
Bryan Parno,Carnegie Mellon University,https://www.andrew.cmu.edu/user/bparno,kTTBpJkAAAAJ,0000-0002-9113-1684
Carl Kingsford,Carnegie Mellon University,http://www.cs.cmu.edu/~ckingsf,V_cvqKcAAAAJ,0000-0002-0118-5516
Carleton Kingsford,Carnegie Mellon University,http://www.cs.cmu.edu/~ckingsf,V_cvqKcAAAAJ,0000-0002-0118-5516
Carolyn P. Rosé,Carnegie Mellon University,http://www.cs.cmu.edu/~cprose,BMydCgcAAAAJ,0000-0003-1128-5155
Carolyn Penstein Rosé,Carnegie Mellon University,http://www.cs.cmu.edu/~cprose,BMydCgcAAAAJ,0000-0003-1128-5155
Changliu Liu,Carnegie Mellon University,https://www.ri.cmu.edu/ri-faculty/changliu-liu,vvzAfOwAAAAJ,0000-0002-3767-5517
Chenyan Xiong,Carnegie Mellon University,http://www.cs.cmu.edu/~cx,E9BaEBYAAAAJ,0000-0002-0392-4183
Chris Donahue,Carnegie Mellon University,https://chrisdonahue.com,MgzHAPQAAAAJ,0009-0007-6825-6327
Chris Harrison 0001,Carnegie Mellon University,http://www.chrisharrison.net,36HRdqMAAAAJ,0000-0001-5312-3619
Christian Cuba Samaniego,Carnegie Mellon University,https://christiansami.wixsite.com/cecubasamaniego,F5JTlEcAAAAJ,0000-0000-0000-0000
Christian Kästner,Carnegie Mellon University,https://www.cs.cmu.edu/~ckaestne,PR-ZnJUAAAAJ,0000-0002-4450-4572
Christopher G. Atkeson,Carnegie Mellon University,http://www.cs.cmu.edu/~cga,NOSCHOLARPAGE,0000-0000-0000-0000
Christos Faloutsos,Carnegie Mellon University,http://www.cs.cmu.edu/~christos,nd8lQQIAAAAJ,0000-0003-2996-9790
Claire Le Goues,Carnegie Mellon University,https://clairelegoues.com,Cmr9ljkAAAAJ,0000-0002-3931-060X
Dabbala Rajagopal Reddy,Carnegie Mellon University,http://www.rr.cs.cmu.edu,6n7rzokAAAAJ,0000-0000-0000-0000
Dan Siewiorek,Carnegie Mellon University,https://www.cs.cmu.edu/~dps,B13SvmAAAAAJ,0000-0001-6644-3929
Daniel Dominic Kaplan Sleator,Carnegie Mellon University,http://www.cs.cmu.edu/~sleator,NOSCHOLARPAGE,0000-0000-0000-0000
Daniel Dominic Sleator,Carnegie Mellon University,http://www.cs.cmu.edu/~sleator,NOSCHOLARPAGE,0000-0000-0000-0000
Daniel Fried,Carnegie Mellon University,https://dpfried.github.io,sJDqACEAAAAJ,0000-0000-0000-0000
Daniel P. Siewiorek,Carnegie Mellon University,https://www.cs.cmu.edu/~dps,B13SvmAAAAAJ,0000-0001-6644-3929
Daphne Ippolito,Carnegie Mellon University,https://www.daphnei.com,COEsqLYAAAAJ,0000-0000-0000-0000
Dave Andersen,Carnegie Mellon University,https://www.cs.cmu.edu/~dga,wUArfPgAAAAJ,0000-0000-0000-0000
Dave G. Andersen,Carnegie Mellon University,https://www.cs.cmu.edu/~dga,wUArfPgAAAAJ,0000-0000-0000-0000
David Andersen,Carnegie Mellon University,https://www.cs.cmu.edu/~dga,wUArfPgAAAAJ,0000-0000-0000-0000
David Brumley,Carnegie Mellon University,https://users.ece.cmu.edu/~dbrumley,O-29z5AAAAAJ,0000-0003-2233-3538
David G. Andersen,Carnegie Mellon University,https://www.cs.cmu.edu/~dga,wUArfPgAAAAJ,0000-0000-0000-0000
David Garlan,Carnegie Mellon University,https://www.cs.cmu.edu/~garlan,p6HgUFEAAAAJ,0000-0002-6735-8301
David Held,Carnegie Mellon University,http://davheld.github.io,0QtU-NsAAAAJ,0000-0003-0537-1508
David J. Mostow,Carnegie Mellon University,http://www.cs.cmu.edu/~mostow,P0Mv6pIAAAAJ,0000-0000-0000-0000
David Lindlbauer,Carnegie Mellon University,https://www.davidlindlbauer.com,DBkNLiwAAAAJ,0000-0002-0809-9696
David P. Woodruff,Carnegie Mellon University,http://www.cs.cmu.edu/~dwoodruf,kMmxbbIAAAAJ,0000-0002-2158-1380
David R. O'Hallaron,Carnegie Mellon University,https://www.cs.cmu.edu/~droh,738WppcAAAAJ,0000-0000-0000-0000
Deepak Pathak,Carnegie Mellon University,https://people.eecs.berkeley.edu/~pathak,AEsPCAUAAAAJ,0000-0003-2496-0690
Deva Kannan Ramanan,Carnegie Mellon University,http://www.cs.cmu.edu/~deva,9B8PoXUAAAAJ,0009-0008-9180-8983
Deva Ramanan,Carnegie Mellon University,http://www.cs.cmu.edu/~deva,9B8PoXUAAAAJ,0009-0008-9180-8983
Dimitrios Skarlatos 0002,Carnegie Mellon University,https://www.cs.cmu.edu/~dskarlat,T_ZmDEAAAAAJ,0000-0002-0289-5499
Doug Sicker,Carnegie Mellon University,https://www.cmu.edu/epp/people/faculty/douglas-sicker.html,Pl23MTUAAAAJ,0000-0000-0000-0000
Douglas C. Sicker,Carnegie Mellon University,https://www.cmu.edu/epp/people/faculty/douglas-sicker.html,Pl23MTUAAAAJ,0000-0003-0296-5212
Drew Bagnell,Carnegie Mellon University,http://www.ri.cmu.edu/person.html?person_id=689,7t4jbPQAAAAJ,0000-0000-0000-0000
Elaine Runting Shi,Carnegie Mellon University,http://elaineshi.com,rejzeocAAAAJ,0000-0000-0000-0000
Elaine Shi,Carnegie Mellon University,http://elaineshi.com,rejzeocAAAAJ,0000-0002-5605-1048
Emma Strubell,Carnegie Mellon University,https://strubell.github.io,UCDMtM0AAAAJ,0000-0003-2798-0726
Eric Nyberg,Carnegie Mellon University,http://www.cs.cmu.edu/~ehn,G6XN5cRm0FIJ,0009-0006-1487-6531
Eunsuk Kang,Carnegie Mellon University,https://eskang.github.io,Pz0Nzr8AAAAJ,0000-0001-7891-6885
Farnam Jahanian,Carnegie Mellon University,https://www.cmu.edu/leadership/the-provost,NOSCHOLARPAGE,0000-0000-0000-0000
Fei Fang 0001,Carnegie Mellon University,https://www.andrew.cmu.edu/user/feif,R6jE0VEAAAAJ,0000-0003-2256-8329
Feras A. Saad,Carnegie Mellon University,https://www.cs.cmu.edu/~fsaad,1aou7GkAAAAJ,0000-0002-0505-795X
Feras Saad,Carnegie Mellon University,https://www.cs.cmu.edu/~fsaad,1aou7GkAAAAJ,0000-0002-0505-795X
Fernando D. Diaz,Carnegie Mellon University,https://841.io,212SLn0AAAAJ,0000-0003-2345-1288
Fernando Diaz 0001,Carnegie Mellon University,https://841.io,212SLn0AAAAJ,0000-0003-2345-1288
Frank Pfenning,Carnegie Mellon University,http://www.cs.cmu.edu/~fp,ghWKWBUAAAAJ,0000-0002-8279-5817
Fraser Brown,Carnegie Mellon University,https://mlfbrown.com,R_hO1TEAAAAJ,0009-0006-6601-7317
G. Hosein Mohimani,Carnegie Mellon University,http://mohimanilab.cbd.cmu.edu,fN8qBDgAAAAJ,0000-0003-3980-2505
Gary K. Fedder,Carnegie Mellon University,https://users.ece.cmu.edu/~fedder,JOMYt6gAAAAJ,0000-0002-2380-5210
Geoff F. Kaufman,Carnegie Mellon University,https://www.hcii.cmu.edu/people/geoff-kaufman,acfjWDAAAAAJ,0000-0000-0000-0000
Geoff Kaufman,Carnegie Mellon University,https://www.hcii.cmu.edu/people/geoff-kaufman,acfjWDAAAAAJ,0000-0002-0123-3792
Geoffrey J. Gordon,Carnegie Mellon University,http://www.cs.cmu.edu/~ggordon,0OY5L3UAAAAJ,0009-0007-9960-2114
Graham Neubig,Carnegie Mellon University,http://www.phontron.com,wlosgkoAAAAJ,0000-0002-2072-3789
Greg Ganger,Carnegie Mellon University,https://www.ece.cmu.edu/~ganger,l6oz33MAAAAJ,0000-0000-0000-0000
Gregory R. Ganger,Carnegie Mellon University,https://www.ece.cmu.edu/~ganger,l6oz33MAAAAJ,0000-0002-3065-7316
Guanya Shi,Carnegie Mellon University,https://www.gshi.me,joR1Z4UAAAAJ,0000-0000-0000-0000
Guy E. Blelloch,Carnegie Mellon University,http://www.cs.cmu.edu/~guyb,Z6nLCukAAAAJ,0000-0003-0224-9187
Haiyi Zhu,Carnegie Mellon University,http://haiyizhu.com,9NkngDMAAAAJ,0000-0001-7271-9100
Hartmut Geyer,Carnegie Mellon University,https://www.cs.cmu.edu/~hgeyer,aC5315UAAAAJ,0000-0000-0000-0000
Heather Miller,Carnegie Mellon University,http://heather.miller.am,dpghk3cAAAAJ,0000-0002-2059-5406
Henny Admoni,Carnegie Mellon University,https://www.ri.cmu.edu/ri-faculty/henny-admoni,XXiZaA4AAAAJ,0000-0003-1796-2196
Hosein Mohimani,Carnegie Mellon University,http://mohimanilab.cbd.cmu.edu,fN8qBDgAAAAJ,0000-0003-3980-2505
Howie Choset,Carnegie Mellon University,http://www.cs.cmu.edu/~./choset,4fvo61oAAAAJ,0000-0002-2266-8744
Illah R. Nourbakhsh,Carnegie Mellon University,http://www.cs.cmu.edu/~illah,S4cEObAAAAAJ,0000-0000-0000-0000
Illah Reza Nourbakhsh,Carnegie Mellon University,http://www.cs.cmu.edu/~illah,S4cEObAAAAAJ,0000-0000-0000-0000
Ioannis Gkioulekas,Carnegie Mellon University,http://ri.cmu.edu/ri-faculty/ioannis-gkioulekas,yqt5PeEAAAAJ,0000-0001-6932-4642
Irene M. Kaplow,Carnegie Mellon University,https://imk1.github.io,_IfiZD4AAAAJ,0000-0002-8924-8269
J. Andrew Bagnell,Carnegie Mellon University,http://www.ri.cmu.edu/person.html?person_id=689,7t4jbPQAAAAJ,0000-0000-0000-0000
J. Zico Kolter,Carnegie Mellon University,http://www.zicokolter.com,UXh1I6UAAAAJ,0000-0000-0000-0000
Jack Mostow,Carnegie Mellon University,http://www.cs.cmu.edu/~mostow,P0Mv6pIAAAAJ,0000-0000-0000-0000
James A. Bagnell,Carnegie Mellon University,http://www.ri.cmu.edu/person.html?person_id=689,7t4jbPQAAAAJ,0000-0000-0000-0000
James Andrew Bagnell,Carnegie Mellon University,http://www.ri.cmu.edu/person.html?person_id=689,7t4jbPQAAAAJ,0000-0000-0000-0000
James C. Hoe,Carnegie Mellon University,http://users.ece.cmu.edu/~jhoe,ZnRhcFUAAAAJ,0000-0002-9302-5287
James D. Herbsleb,Carnegie Mellon University,http://herbsleb.org,NOSCHOLARPAGE,0000-0002-7159-7524
James H. Morris,Carnegie Mellon University,http://www.cs.cmu.edu/~jhm,Y9cRdbIAAAAJ,0000-0000-0000-0000
James H. Morris Jr.,Carnegie Mellon University,http://www.cs.cmu.edu/~jhm,Y9cRdbIAAAAJ,0000-0000-0000-0000
James McCann,Carnegie Mellon University,http://www.cs.cmu.edu/~jmccann,NOSCHOLARPAGE,0000-0002-4231-4142
James P. Callan,Carnegie Mellon University,http://www.cs.cmu.edu/~callan,Un5KXJ4AAAAJ,0000-0000-0000-0000
Jamie Callan,Carnegie Mellon University,http://www.cs.cmu.edu/~callan,Un5KXJ4AAAAJ,0000-0002-1211-7754
Jan Hoffmann 0002,Carnegie Mellon University,http://www.cs.cmu.edu/~janh,0Kvq4bUAAAAJ,0000-0001-8326-0788
Jason I. Hong,Carnegie Mellon University,http://www.cs.cmu.edu/~jasonh,MoFbcc0AAAAJ,0000-0002-9856-9654
Jason Li 0006,Carnegie Mellon University,https://q3r.github.io,NOSCHOLARPAGE,0000-0003-3644-0879
Jeffrey Ichnowski,Carnegie Mellon University,https://ichnow.ski,7CKFg9EAAAAJ,0000-0003-4874-9478
Jeremy Z. Kolter,Carnegie Mellon University,http://www.zicokolter.com,UXh1I6UAAAAJ,0000-0000-0000-0000
Jessica Hammer,Carnegie Mellon University,https://www.hcii.cmu.edu/people/jessica-hammer,vSvRUAkAAAAJ,0000-0003-4102-2575
Jessica K. Hodgins,Carnegie Mellon University,http://www.cs.cmu.edu/~jkh,NOSCHOLARPAGE,0000-0002-1778-883X
Jian Ma 0004,Carnegie Mellon University,http://www.cs.cmu.edu/~jianma,kDZcBhkAAAAJ,0000-0002-4202-5834
Jiaoyang Li 0001,Carnegie Mellon University,https://jiaoyangli.me,kUVJywwAAAAJ,0000-0000-0000-0000
Jignesh M. Patel,Carnegie Mellon University,https://jigneshpatel.org,tOjfnFMAAAAJ,0000-0003-3653-2538
Jim Herbsleb,Carnegie Mellon University,http://herbsleb.org,NOSCHOLARPAGE,0000-0000-0000-0000
Jim McCann,Carnegie Mellon University,http://www.cs.cmu.edu/~jmccann,NOSCHOLARPAGE,0000-0000-0000-0000
Jodi Forlizzi,Carnegie Mellon University,https://www.hcii.cmu.edu/people/jodi-forlizzi,Hyhp_zUAAAAJ,0000-0002-7161-075X
Jodi L. Forlizzi,Carnegie Mellon University,https://www.hcii.cmu.edu/people/jodi-forlizzi,Hyhp_zUAAAAJ,0000-0000-0000-0000
Joel McManus,Carnegie Mellon University,https://labs.bio.cmu.edu/mcmanus,28yZqbcAAAAJ,0000-0000-0000-0000
John C. Stamper,Carnegie Mellon University,https://www.hcii.cmu.edu/people/john-stamper,VFGDcvoAAAAJ,0000-0002-2291-1468
John Zimmerman,Carnegie Mellon University,https://www.cs.cmu.edu/~johnz,A-4JUL4AAAAJ,0000-0001-5299-8157
Jonathan Aldrich,Carnegie Mellon University,http://www.cs.cmu.edu/~./aldrich,AzHmOtcAAAAJ,0000-0003-0631-5591
Jose Lugo-Martinez,Carnegie Mellon University,https://jlugomar.github.io,7Zf_LXIAAAAJ,0000-0002-6312-1577
Jun-Yan Zhu,Carnegie Mellon University,https://people.csail.mit.edu/junyanz,UdpacsMAAAAJ,0000-0001-8504-3410
Justin Chan,Carnegie Mellon University,https://www.cs.cmu.edu/~justinc3,dpyzXwMAAAAJ,0000-0002-1471-6187
Justine Cassell,Carnegie Mellon University,https://www.hcii.cmu.edu/people/justine-cassell,wkC9xHMAAAAJ,0000-0000-0000-0000
Justine Sherry,Carnegie Mellon University,http://www.justinesherry.com,InPotdgAAAAJ,0000-0002-8270-4102
K. V. Rashmi,Carnegie Mellon University,http://www.cs.cmu.edu/~rvinayak,gUO59T8AAAAJ,0000-0002-2227-7460
Karl Crary,Carnegie Mellon University,https://www.cs.cmu.edu/~crary,DTjqn9QAAAAJ,0000-0000-0000-0000
Katerina Fragkiadaki,Carnegie Mellon University,https://www.cs.cmu.edu/~katef,FWp7728AAAAJ,0000-0000-0000-0000
Kathleen M. Carley,Carnegie Mellon University,http://www.casos.cs.cmu.edu/bios/carley/carley.html,KeJfN-IAAAAJ,0000-0002-6356-0238
Keenan Crane,Carnegie Mellon University,http://www.cs.cmu.edu/~kmcrane,Qs9FzFUAAAAJ,0000-0003-2772-7034
Kemal Oflazer,Carnegie Mellon University,https://www.andrew.cmu.edu/user/ko,JLk0hs8AAAAJ,0000-0002-4977-0079
Ken Holstein,Carnegie Mellon University,https://www.hcii.cmu.edu/people/ken-holstein,ziP-50wAAAAJ,0000-0001-6730-922X
Ken Koedinger,Carnegie Mellon University,http://pact.cs.cmu.edu/koedinger.html,_8DDVkAAAAAJ,0000-0002-5850-4768
Kenneth Holstein,Carnegie Mellon University,https://www.hcii.cmu.edu/people/ken-holstein,ziP-50wAAAAJ,0000-0001-6730-922X
Kenneth R. Koedinger,Carnegie Mellon University,http://pact.cs.cmu.edu/koedinger.html,_8DDVkAAAAAJ,0000-0002-5850-4768
Korlakai Vinayak Rashmi,Carnegie Mellon University,http://www.cs.cmu.edu/~rvinayak,gUO59T8AAAAJ,0000-0000-0000-0000
Larry A. Wasserman,Carnegie Mellon University,http://www.stat.cmu.edu/~larry,XcD1ffwAAAAJ,0000-0000-0000-0000
Laura A. Dabbish,Carnegie Mellon University,http://www.lauradabbish.com,DdNAgNwAAAAJ,0000-0001-9489-4188
Laura Dabbish,Carnegie Mellon University,http://www.lauradabbish.com,DdNAgNwAAAAJ,0000-0001-9489-4188
Lei Li 0005,Carnegie Mellon University,https://lileicc.github.io,BYXqAlwAAAAJ,0000-0003-3095-9776
Lenore Blum,Carnegie Mellon University,http://www.cs.cmu.edu/~lblum,NOSCHOLARPAGE,0000-0000-0000-0000
Levent Burak Kara,Carnegie Mellon University,http://vdel.me.cmu.edu,_X2eOeQAAAAJ,0000-0002-2203-4020
Lorrie Cranor,Carnegie Mellon University,http://lorrie.cranor.org,kIUqgbcAAAAJ,0000-0003-2125-0124
Lorrie Faith Cranor,Carnegie Mellon University,http://lorrie.cranor.org,kIUqgbcAAAAJ,0000-0003-2125-0124
Louis-Philippe Morency,Carnegie Mellon University,https://www.cs.cmu.edu/~morency,APgaFK0AAAAJ,0000-0001-6376-7696
Luis von Ahn,Carnegie Mellon University,https://www.cs.cmu.edu/~biglou,NOSCHOLARPAGE,0000-0000-0000-0000
Lujo Bauer,Carnegie Mellon University,http://www.ece.cmu.edu/~lbauer,5cJzDZEAAAAJ,0000-0002-8209-6792
M. J. H. Heule,Carnegie Mellon University,https://www.cs.cmu.edu/~mheule,5Bu6aSMAAAAJ,0000-0002-5587-8801
M. Satyanarayanan,Carnegie Mellon University,https://www.cs.cmu.edu/~satya,0y6JDD4AAAAJ,0000-0000-0000-0000
Maarten Sap,Carnegie Mellon University,https://maartensap.com,gFN4QUYAAAAJ,0000-0002-0701-4654
Mahadev Satyanarayanan,Carnegie Mellon University,https://www.cs.cmu.edu/~satya,0y6JDD4AAAAJ,0000-0002-2187-2049
Manuel Blum 0001,Carnegie Mellon University,https://www.cs.cmu.edu/~mblum,7S-LSKoAAAAJ,0000-0002-0982-4845
Maria-Florina Balcan,Carnegie Mellon University,https://www.cs.cmu.edu/~ninamf,LWlN_BUAAAAJ,0000-0000-0000-0000
Maria-Florina Popa,Carnegie Mellon University,https://www.cs.cmu.edu/~ninamf,LWlN_BUAAAAJ,0000-0000-0000-0000
Marijn Heule,Carnegie Mellon University,https://www.cs.cmu.edu/~mheule,5Bu6aSMAAAAJ,0000-0002-5587-8801
Marijn J. H. Heule,Carnegie Mellon University,https://www.cs.cmu.edu/~mheule,5Bu6aSMAAAAJ,0000-0002-5587-8801
Martial Hebert,Carnegie Mellon University,http://www.cs.cmu.edu/~./hebert,0ytii2EAAAAJ,0000-0003-4566-5930
Martin J. Zhang,Carnegie Mellon University,https://mzhanglab.github.io,zjr6n-QAAAAJ,0000-0000-0000-0000
Martin Jinye Zhang,Carnegie Mellon University,https://mzhanglab.github.io,zjr6n-QAAAAJ,0000-0000-0000-0000
Mary Shaw,Carnegie Mellon University,http://www.cs.cmu.edu/~shaw,CTXoO1AAAAAJ,0000-0003-1337-4557
Matt Fredrikson,Carnegie Mellon University,http://www.cs.cmu.edu/~mfredrik,tMYCvLAAAAAJ,0000-0003-1820-1698
Matthew Fredrikson,Carnegie Mellon University,http://www.cs.cmu.edu/~mfredrik,tMYCvLAAAAAJ,0000-0003-1820-1698
Matthew O'Toole,Carnegie Mellon University,https://www.ri.cmu.edu/ri-faculty/matthew-otoole,0GLMGTEAAAAJ,0000-0002-0740-9349
Matthew T. Mason,Carnegie Mellon University,http://www.cs.cmu.edu/~mason,D_JpQnAAAAAJ,0000-0002-2672-5689
Matthew Thomas Mason,Carnegie Mellon University,http://www.cs.cmu.edu/~mason,D_JpQnAAAAAJ,0000-0000-0000-0000
Maxim Likhachev,Carnegie Mellon University,https://www.ri.cmu.edu/ri-faculty/maxim-likhachev,Ic8NqXwAAAAJ,0000-0000-0000-0000
Mayank Goel,Carnegie Mellon University,https://www.hcii.cmu.edu/people/mayank-goel,nxqrff8AAAAJ,0000-0003-1237-7545
Michael I. Shamos,Carnegie Mellon University,http://euro.ecom.cmu.edu/shamos.html,PswI6pYAAAAJ,0000-0000-0000-0000
Michael Ian Shamos,Carnegie Mellon University,http://euro.ecom.cmu.edu/shamos.html,NOSCHOLARPAGE,0000-0000-0000-0000
Min Xu 0009,Carnegie Mellon University,https://xulabs.github.io/min-xu,Y3Cqt0cAAAAJ,0000-0002-0881-5891
Minchen Li,Carnegie Mellon University,https://www.cs.cmu.edu/~minchenl,Gk7K7VkAAAAJ,0000-0001-9868-7311
Mona T. Diab,Carnegie Mellon University,https://www.lti.cs.cmu.edu/people/222228496/mona-diab,-y6SIhQAAAAJ,0000-0000-0000-0000
Mona Talat Diab,Carnegie Mellon University,https://www.lti.cs.cmu.edu/people/222228496/mona-diab,-y6SIhQAAAAJ,0000-0000-0000-0000
Mor Harchol-Balter,Carnegie Mellon University,http://www.cs.cmu.edu/~harchol,Ooc7UNUAAAAJ,0000-0003-1721-6759
Nancy S. Pollard,Carnegie Mellon University,http://www.cs.cmu.edu/~nsp,Lsr_-hsAAAAJ,0000-0001-6464-839X
Nathan Beckmann,Carnegie Mellon University,http://www.cs.cmu.edu/~beckmann,zkdjit0AAAAJ,0000-0001-6301-714X
Nicolas Christin,Carnegie Mellon University,http://www.andrew.cmu.edu/user/nicolasc,X5buTmMAAAAJ,0000-0002-2506-8031
Nihar B. Shah,Carnegie Mellon University,http://www.cs.cmu.edu/~nihars,BF39lMQAAAAJ,0000-0001-5158-9677
Nihar Bhadresh Shah,Carnegie Mellon University,http://www.cs.cmu.edu/~nihars,BF39lMQAAAAJ,0000-0000-0000-0000
Nik Martelaro,Carnegie Mellon University,https://hcii.cmu.edu/people/nikolas-martelaro,SNnC2s4AAAAJ,0000-0002-1824-0243
Niki Kittur,Carnegie Mellon University,https://www.hcii.cmu.edu/people/aniket-kittur,2vZ5zRQAAAAJ,0000-0000-0000-0000
Nikolas Martelaro,Carnegie Mellon University,https://hcii.cmu.edu/people/nikolas-martelaro,SNnC2s4AAAAJ,0000-0002-1824-0243
Nina Balcan,Carnegie Mellon University,https://www.cs.cmu.edu/~ninamf,LWlN_BUAAAAJ,0000-0000-0000-0000
Norman M. Sadeh,Carnegie Mellon University,http://www.normsadeh.org,X57uzqcAAAAJ,0000-0003-4829-5533
Norman Sadeh 0001,Carnegie Mellon University,http://www.normsadeh.org,X57uzqcAAAAJ,0000-0003-4829-5533
Norman Sadeh-Koniecpol,Carnegie Mellon University,http://www.normsadeh.org,X57uzqcAAAAJ,0000-0003-4829-5533
Patrick Carrington,Carnegie Mellon University,http://www.patrickcarrington.com,3ALpUOEAAAAJ,0000-0001-8923-0803
Peter Steenkiste,Carnegie Mellon University,http://www.cs.cmu.edu/~prs,DK7TEvkAAAAJ,0000-0001-7079-8212
Phillip B. Gibbons,Carnegie Mellon University,http://www.cs.cmu.edu/~gibbons,F9kqUXkAAAAJ,0000-0001-6967-2735
Pradeep Kumar Ravikumar,Carnegie Mellon University,http://www.cs.cmu.edu/~pradeepr,Q4DTPw4AAAAJ,0000-0000-0000-0000
Pradeep Ravikumar,Carnegie Mellon University,http://www.cs.cmu.edu/~pradeepr,Q4DTPw4AAAAJ,0000-0001-5635-5765
Priya Narasimhan,Carnegie Mellon University,http://www.cs.cmu.edu/~priya,qyPWUBcAAAAJ,0000-0000-0000-0000
Ragunathan Raj Rajkumar,Carnegie Mellon University,https://users.ece.cmu.edu/~raj,6JU9KqgAAAAJ,0000-0000-0000-0000
Ragunathan Rajkumar,Carnegie Mellon University,https://users.ece.cmu.edu/~raj,6JU9KqgAAAAJ,0000-0000-0000-0000
Raj Rajkumar,Carnegie Mellon University,https://users.ece.cmu.edu/~raj,6JU9KqgAAAAJ,0000-0000-0000-0000
Raj Reddy,Carnegie Mellon University,http://www.rr.cs.cmu.edu,6n7rzokAAAAJ,0000-0000-0000-0000
Rashmi Vinayak,Carnegie Mellon University,http://www.cs.cmu.edu/~rvinayak,gUO59T8AAAAJ,0000-0002-2227-7460
Rayid Ghani,Carnegie Mellon University,http://www.rayidghani.com,_ufWH4IAAAAJ,0000-0003-0235-1843
Riad S. Wahby,Carnegie Mellon University,https://wahby.net,cwIxVGgAAAAJ,0000-0002-0224-1989
Riad Wahby,Carnegie Mellon University,https://wahby.net,cwIxVGgAAAAJ,0000-0000-0000-0000
Riccardo Paccagnella,Carnegie Mellon University,https://www.cs.cmu.edu/~rpaccagn,yUt1PFIAAAAJ,0000-0002-9552-8216
Richard M. Stern,Carnegie Mellon University,http://www.cs.cmu.edu/~rms,ffUu1PcAAAAJ,0000-0000-0000-0000
Richard Peng,Carnegie Mellon University,https://www.cs.cmu.edu/~yangp,loh7ivYAAAAJ,0000-0002-5407-7965
Robert Harper 0001,Carnegie Mellon University,http://www.cs.cmu.edu/~rwh,hbpHGtQAAAAJ,0000-0002-9400-2941
Robert William Harper Jr.,Carnegie Mellon University,http://www.cs.cmu.edu/~rwh,hbpHGtQAAAAJ,0000-0000-0000-0000
Rohan Padhye,Carnegie Mellon University,https://rohan.padhye.org,XI03UxYAAAAJ,0000-0003-4939-033X
Ronald Rosenfeld,Carnegie Mellon University,http://www.cs.cmu.edu/~roni,ct3WjtoAAAAJ,0000-0002-3274-5862
Roni Rosenfeld,Carnegie Mellon University,http://www.cs.cmu.edu/~roni,vrbjXlMAAAAJ,0000-0002-3274-5862
Roy Maxion,Carnegie Mellon University,http://www.cs.cmu.edu/~maxion,2buw6_IAAAAJ,0000-0000-0000-0000
Ryan O'Donnell,Carnegie Mellon University,http://www.cs.cmu.edu/~odonnell,Z8U0BwcAAAAJ,0000-0001-7608-1458
Ryan Tibshirani,Carnegie Mellon University,http://www.stat.cmu.edu/~ryantibs,cQ1P1qoAAAAJ,0000-0000-0000-0000
Sarah Scheffler,Carnegie Mellon University,https://www.sarahscheffler.net,YPq45Q0AAAAJ,0000-0003-1202-7502
Scott E. Hudson,Carnegie Mellon University,http://www.cs.cmu.edu/~hudson,6YU6_QoAAAAJ,0000-0002-0948-3251
Sean Welleck,Carnegie Mellon University,https://wellecks.com,Ac6n5pQAAAAJ,0000-0000-0000-0000
Seth Copen Goldstein,Carnegie Mellon University,http://www.cs.cmu.edu/~seth,NoNHPb4AAAAJ,0000-0000-0000-0000
Seyoung Kim,Carnegie Mellon University,http://www.cs.cmu.edu/~sssykim,G99KBM8AAAAJ,0000-0000-0000-0000
Sherry Tongshuang Wu,Carnegie Mellon University,https://www.cs.cmu.edu/~sherryw,CeQd_DsAAAAJ,0000-0003-1630-0588
Sherry Wu,Carnegie Mellon University,https://www.cs.cmu.edu/~sherryw,CeQd_DsAAAAJ,0000-0003-1630-0588
Shixiang Zhu,Carnegie Mellon University,https://www.andrew.cmu.edu/user/shixianz,v6_Gv6IAAAAJ,0000-0002-2241-6096
Shubham Tulsiani,Carnegie Mellon University,https://shubhtuls.github.io,06rffEkAAAAJ,0000-0000-0000-0000
Sivaraman Balakrishnan,Carnegie Mellon University,http://www.stat.cmu.edu/~siva,o7yFQXUAAAAJ,0000-0000-0000-0000
Srinivasa G. Narasimhan,Carnegie Mellon University,http://www.cs.cmu.edu/~srinivas,MhYrLJAAAAAJ,0000-0003-0389-1921
Srinivasan Seshan,Carnegie Mellon University,http://www.cs.cmu.edu/~srini,0irVeiQAAAAJ,0000-0002-9508-2066
Stephanie Balzer,Carnegie Mellon University,https://www.cs.cmu.edu/~balzers,xZXNqqYAAAAJ,0000-0002-8347-3529
Steven Rudich,Carnegie Mellon University,http://www.cs.cmu.edu/~rudich,qLuAbhMAAAAJ,0000-0000-0000-0000
Steven Wu 0001,Carnegie Mellon University,https://zstevenwu.com,MbF6rTEAAAAJ,0000-0002-8125-8227
Steven Z. Wu,Carnegie Mellon University,https://zstevenwu.com,MbF6rTEAAAAJ,0000-0002-8125-8227
Subra Suresh,Carnegie Mellon University,http://www.cmu.edu/leadership/president-suresh/bio,NOSCHOLARPAGE,0000-0000-0000-0000
Swarun Kumar,Carnegie Mellon University,https://swarunkumar.com,WfaqxlgAAAAJ,0000-0002-5398-5347
Tai Sing Lee,Carnegie Mellon University,http://www.cnbc.cmu.edu/~tai,9TAiIIMAAAAJ,0000-0000-0000-0000
Takeo Kanade,Carnegie Mellon University,http://www.ri.cmu.edu/people/kanade_takeo.html,LQ87h3sAAAAJ,0000-0000-0000-0000
Theophilus A. Benson,Carnegie Mellon University,https://www.andrew.cmu.edu/user/theophib,55B-xqUAAAAJ,0000-0002-5855-8811
Theophilus Benson,Carnegie Mellon University,https://www.andrew.cmu.edu/user/theophib,55B-xqUAAAAJ,0000-0002-5855-8811
Tianqi Chen 0001,Carnegie Mellon University,https://tqchen.com,7nlvOMQAAAAJ,0000-0002-5744-3940
Todd C. Mowry,Carnegie Mellon University,http://www.cs.cmu.edu/~tcm,MYsIXF4AAAAJ,0000-0003-4076-5684
Tom M. Mitchell,Carnegie Mellon University,http://www.cs.cmu.edu/~tom,_ZVyA_gAAAAJ,0000-0000-0000-0000
Tom Michael Mitchell,Carnegie Mellon University,http://www.cs.cmu.edu/~tom,_ZVyA_gAAAAJ,0000-0000-0000-0000
Tongshuang Wu,Carnegie Mellon University,https://www.cs.cmu.edu/~sherryw,CeQd_DsAAAAJ,0000-0003-1630-0588
Travis D. Breaux,Carnegie Mellon University,https://www.cs.cmu.edu/~breaux,SjiG_ZsAAAAJ,0000-0001-7127-8155
Tuomas Sandholm,Carnegie Mellon University,http://www.cs.cmu.edu/~sandholm,0DpK1EMAAAAJ,0000-0001-8861-9366
Umut A. Acar,Carnegie Mellon University,http://www.umut-acar.org,wJ4NywgAAAAJ,0000-0002-2623-4986
Vincent A. W. M. M. Aleven,Carnegie Mellon University,http://www.cs.cmu.edu/~./aleven,ztkfnCsAAAAJ,0000-0000-0000-0000
Vincent Aleven,Carnegie Mellon University,http://www.cs.cmu.edu/~./aleven,ztkfnCsAAAAJ,0000-0002-1581-6657
Vincent Conitzer,Carnegie Mellon University,https://users.cs.duke.edu/~conitzer,juRk4lQAAAAJ,0000-0003-1899-7884
Vincent J. Hellendoorn,Carnegie Mellon University,https://vhellendoorn.github.io,PfYrc5kAAAAJ,0000-0001-7516-0525
Vincent Josua Hellendoorn,Carnegie Mellon University,https://vhellendoorn.github.io,PfYrc5kAAAAJ,0000-0001-7516-0525
Virgil D. Gligor,Carnegie Mellon University,https://users.ece.cmu.edu/~virgil,NOSCHOLARPAGE,0000-0000-0000-0000
Virginia Smith,Carnegie Mellon University,http://users.ece.cmu.edu/~smithv,bldHpWIAAAAJ,0000-0002-6404-2395
Vyas Sekar,Carnegie Mellon University,https://users.ece.cmu.edu/~vsekar,5V852JcAAAAJ,0000-0001-5452-8976
Weina Wang 0001,Carnegie Mellon University,https://www.cs.cmu.edu/~weinaw,mQnBkmoAAAAJ,0000-0001-6808-0156
Wenting Zheng,Carnegie Mellon University,https://wzheng.github.io,OeDgxpgAAAAJ,0009-0006-1061-3419
William H. Kuszmaul,Carnegie Mellon University,https://sites.google.com/site/williamkuszmaul,LRE8KTcAAAAJ,0000-0002-3855-3036
William H. Sanders,Carnegie Mellon University,https://engineering.cmu.edu/directory/bios/sanders-william.html,FClnlsgAAAAJ,0000-0000-0000-0000
William Kuszmaul,Carnegie Mellon University,https://sites.google.com/site/williamkuszmaul,LRE8KTcAAAAJ,0000-0002-3855-3036
William L. Scherlis,Carnegie Mellon University,http://www.cs.cmu.edu/~wls,F6LzqwMAAAAJ,0000-0000-0000-0000
Yang P. Liu,Carnegie Mellon University,https://yangpliu.github.io,LrHm5cgAAAAJ,0000-0001-6717-0539
Yiming Yang,Carnegie Mellon University,http://www.cs.cmu.edu/~./yiming,MlZq4XwAAAAJ,0000-0003-1359-0364
Yonatan Bisk,Carnegie Mellon University,https://yonatanbisk.com,bWoGh8UAAAAJ,0000-0000-0000-0000
Yuanzhi Li,Carnegie Mellon University,https://web.stanford.edu/~yuanzhil,NOSCHOLARPAGE,0000-0002-4604-0468
Yun William Yu,Carnegie Mellon University,https://yunwilliamyu.net,h9r7yWkAAAAJ,0000-0002-8275-9576
Yuvraj Agarwal,Carnegie Mellon University,http://www.synergylabs.org/yuvraj,H4UeZ2MAAAAJ,0000-0001-9304-6080
Zhihao Jia,Carnegie Mellon University,https://www.cs.cmu.edu/~zhihaoj2,0IWLFR4AAAAJ,0000-0002-1270-5185
Zico Kolter,Carnegie Mellon University,http://www.zicokolter.com,UXh1I6UAAAAJ,0000-0000-0000-0000
Ziv Bar-Joseph,Carnegie Mellon University,http://www.cs.cmu.edu/~zivbj,9DCRnPkAAAAJ,0000-0003-3430-6051
Abhishek Jain 0002,Johns Hopkins University,https://www.cs.jhu.edu/faculty/abhishek-jain,xjkmJsgAAAAJ,0000-0002-3572-7643
Adam Charles,Johns Hopkins University,https://www.bme.jhu.edu/ascharles,c8RKLp0AAAAJ,0000-0002-9045-3489
Alan L. Yuille,Johns Hopkins University,http://www.cs.jhu.edu/~ayuille,FJ-huxgAAAAJ,0000-0001-5207-9249
Alan Loddon Yuille,Johns Hopkins University,http://www.cs.jhu.edu/~ayuille,FJ-huxgAAAAJ,0000-0000-0000-0000
Alex Szalay,Johns Hopkins University,https://physics-astronomy.jhu.edu/directory/alexander-s-szalay,rUiWchkAAAAJ,0000-0000-0000-0000
Alexander Marder,Johns Hopkins University,https://alexmarder.github.io,htWC_lMAAAAJ,0000-0003-3327-1571
Alexander S. Szalay,Johns Hopkins University,https://physics-astronomy.jhu.edu/directory/alexander-s-szalay,rUiWchkAAAAJ,0000-0002-4108-3282
Alexis J. Battle,Johns Hopkins University,https://battlelab.jhu.edu,yPOT9K0AAAAJ,0000-0002-5287-627X
Amitabh Basu,Johns Hopkins University,https://www.ams.jhu.edu/~abasu9,jV2sAB0AAAAJ,0000-0002-1070-2626
Anand Bhattad,Johns Hopkins University,https://anandbhattad.github.io,XUsauXIAAAAJ,0000-0000-0000-0000
Anjalie Field,Johns Hopkins University,https://anjalief.github.io,WQO8DHQAAAAJ,0000-0002-6955-746X
Anqi Liu,Johns Hopkins University,https://anqiliu-ai.github.io,Q8yp6zQAAAAJ,0000-0002-0468-5698
Axel Krieger,Johns Hopkins University,https://me.jhu.edu/faculty/axel-krieger,ezJ0eHAAAAAJ,0000-0001-8169-075X
Baruch Awerbuch,Johns Hopkins University,http://www.cs.jhu.edu/~baruch/home.html,NOSCHOLARPAGE,0000-0000-0000-0000
Ben Langmead,Johns Hopkins University,http://www.cs.jhu.edu/~langmea,2JMaTKsAAAAJ,0000-0003-2437-1976
Benjamin David Van Durme,Johns Hopkins University,http://www.cs.jhu.edu/~vandurme,wIujAJoAAAAJ,0000-0000-0000-0000
Benjamin Thomas Langmead,Johns Hopkins University,http://www.cs.jhu.edu/~langmea,2JMaTKsAAAAJ,0000-0000-0000-0000
Benjamin Van Durme,Johns Hopkins University,http://www.cs.jhu.edu/~vandurme,wIujAJoAAAAJ,0000-0003-4328-4288
Brice Ménard,Johns Hopkins University,https://physics-astronomy.jhu.edu/directory/brice-menard,vZdmdM8AAAAJ,0000-0003-3164-6974
Carey E. Priebe,Johns Hopkins University,http://www.ams.jhu.edu/~priebe,clTVC4UAAAAJ,0000-0000-0000-0000
Casey L. Overby,Johns Hopkins University,https://coverbytaylor.github.io,qeLrD0sAAAAJ,0000-0000-0000-0000
Casey Lynnette Overby,Johns Hopkins University,https://coverbytaylor.github.io,qeLrD0sAAAAJ,0000-0000-0000-0000
Casey Overby Taylor,Johns Hopkins University,https://coverbytaylor.github.io,qeLrD0sAAAAJ,0000-0000-0000-0000
Chaowei Xiao,Johns Hopkins University,https://xiaocw11.github.io,Juoqtj8AAAAJ,0000-0002-7043-4926
Chien-Ming Huang 0001,Johns Hopkins University,https://www.cs.jhu.edu/~cmhuang,0kTel90AAAAJ,0000-0002-6838-3701
Daniel Khashabi,Johns Hopkins University,https://danielkhashabi.com,pK2kQvgAAAAJ,0009-0009-7664-2230
David Yarowsky,Johns Hopkins University,http://www.cs.jhu.edu/~yarowsky,gaO-vS4AAAAJ,0000-0000-0000-0000
Emad Boctor,Johns Hopkins University,https://musiic.lcsr.jhu.edu,17P8v9QAAAAJ,0000-0000-0000-0000
Emad M. Boctor,Johns Hopkins University,https://musiic.lcsr.jhu.edu,17P8v9QAAAAJ,0000-0000-0000-0000
Enrique Mallada,Johns Hopkins University,https://mallada.ece.jhu.edu,ZvRFA04AAAAJ,0000-0003-1568-1833
Eric T. Nalisnick,Johns Hopkins University,https://enalisnick.github.io,cb1ZN7AAAAAJ,0000-0000-0000-0000
Erik C. Rye,Johns Hopkins University,https://engineering.jhu.edu/faculty/erik-rye,e-7AgFoAAAAJ,0000-0002-8151-8252
Gillian K. Hadfield,Johns Hopkins University,https://engineering.jhu.edu/faculty/gillian-hadfield,7cU2rQsAAAAJ,0000-0000-0000-0000
Greg Hager,Johns Hopkins University,http://www.cs.jhu.edu/~hager,ivApfKcAAAAJ,0000-0000-0000-0000
Gregory D. Hager,Johns Hopkins University,http://www.cs.jhu.edu/~hager,ivApfKcAAAAJ,0000-0002-6662-9763
Haimin Hu,Johns Hopkins University,https://www.cs.jhu.edu/faculty/haimin-hu,_UYmNdEAAAAJ,0000-0002-4217-4776
Holden Lee,Johns Hopkins University,https://holdenlee.github.io,hR9rFHgAAAAJ,0000-0003-3534-8739
Ilya Shpitser,Johns Hopkins University,https://www.cs.jhu.edu/~ilyas,ZyKrSZcAAAAJ,0000-0003-2571-7326
J. Krishna Murthy 0001,Johns Hopkins University,https://krrish94.github.io,kcr8134AAAAJ,0000-0000-0000-0000
Jaemin Cho 0001,Johns Hopkins University,https://engineering.jhu.edu/faculty/jaemin-cho,IbQZoHQAAAAJ,0000-0002-1558-6169
James Allen Fill,Johns Hopkins University,https://www.ams.jhu.edu/~fill,gSwyFR4AAAAJ,0000-0000-0000-0000
Jason Eisner,Johns Hopkins University,http://www.cs.jhu.edu/~jason,tjb2UccAAAAJ,0000-0002-8861-0772
Jean Fan,Johns Hopkins University,https://jef.works,EEX1uGwAAAAJ,0000-0002-0212-5451
Jeffrey H. Siewerdsen,Johns Hopkins University,https://istar.jhu.edu,BczXL6oAAAAJ,0000-0000-0000-0000
Jennifer Hu 0001,Johns Hopkins University,https://cogsci.jhu.edu/directory/jennifer-hu,Yn59qc4AAAAJ,0000-0003-4075-6876
Jeremias Sulam,Johns Hopkins University,https://www.bme.jhu.edu/people/faculty/jeremias-sulam,1awx1aIAAAAJ,0000-0003-0946-1957
Jerry L. Prince,Johns Hopkins University,https://iacl.ece.jhu.edu/index.php?title=Main_Page,BQcJMmcAAAAJ,0000-0002-6553-0876
Jessica Sorrell,Johns Hopkins University,https://jess-sorrell.github.io,hBsSfjAAAAAJ,0000-0001-9227-1032
Joanne F. Selinski,Johns Hopkins University,http://www.cs.jhu.edu/~joanne,NOSCHOLARPAGE,0000-0000-0000-0000
Joel S. Bader,Johns Hopkins University,https://www.baderzone.org,-dyxvHoAAAAJ,0000-0002-6020-4625
John T. Hale,Johns Hopkins University,https://cogsci.jhu.edu/directory/john-t-hale,sqUEF0MAAAAJ,0000-0000-0000-0000
Joshua T. Vogelstein,Johns Hopkins University,https://jovo.me,DWPfdT4AAAAJ,0000-0000-0000-0000
Kimia Ghobadi,Johns Hopkins University,https://systems.jhu.edu/kimia,CYdYNl0AAAAJ,0000-0000-0000-0000
Krishna Murthy 0001,Johns Hopkins University,https://krrish94.github.io,kcr8134AAAAJ,0000-0000-0000-0000
Krishna Murthy Jatavallabhula,Johns Hopkins University,https://krrish94.github.io,kcr8134AAAAJ,0000-0000-0000-0000
Kristina Gligoric,Johns Hopkins University,https://kristinagligoric.com,kdbzgK4AAAAJ,0000-0001-8726-740X
Laurent Younes,Johns Hopkins University,https://www.cis.jhu.edu/~younes,FPCU9lYAAAAJ,0000-0003-2017-9565
Liliana Florea,Johns Hopkins University,http://florealab.org,s0AZ_6IAAAAJ,0000-0001-8124-2324
Louis L. Whitcomb,Johns Hopkins University,https://dscl.lcsr.jhu.edu,ppn7g_cAAAAJ,0000-0003-2398-1000
Luana Ruiz,Johns Hopkins University,https://luanaruiz9.github.io,SWVeT4AAAAAJ,0000-0002-9666-1211
Lydia Zakynthinou,Johns Hopkins University,https://lydiazakynthinou.com,s1UQI6kAAAAJ,0000-0001-9258-6798
Mahyar Fazlyab,Johns Hopkins University,https://www.ece.jhu.edu/mahyarfazlyab,Y3bmjJwAAAAJ,0000-0001-9695-6178
Mark Dredze,Johns Hopkins University,http://www.cs.jhu.edu/~mdredze,7jNkTbYAAAAJ,0000-0002-0422-2474
Mathias Unberath,Johns Hopkins University,https://mathiasunberath.github.io,1bd5mdIAAAAJ,0000-0002-0055-9950
Matthew D. Green,Johns Hopkins University,https://isi.jhu.edu/~mgreen,X0XWAGkAAAAJ,0000-0000-0000-0000
Matthew Green 0001,Johns Hopkins University,https://isi.jhu.edu/~mgreen,X0XWAGkAAAAJ,0000-0002-6143-0683
Michael C. Schatz,Johns Hopkins University,https://www.cs.jhu.edu/faculty/michael-schatz,rcs6IKwAAAAJ,0000-0002-4118-4446
Michael Dinitz,Johns Hopkins University,http://www.cs.jhu.edu/~mdinitz,Q2yN84AAAAAJ,0000-0002-2632-966X
Michael I. Miller,Johns Hopkins University,https://www.bme.jhu.edu/people/faculty/michael-i-miller,Ui8pnoIAAAAJ,0000-0000-0000-0000
Michael Kazhdan,Johns Hopkins University,http://www.cs.jhu.edu/~misha,soUq_eQAAAAJ,0000-0002-6904-2167
Michael M. Kazhdan,Johns Hopkins University,http://www.cs.jhu.edu/~misha,soUq_eQAAAAJ,0000-0002-6904-2167
Michael Oberst,Johns Hopkins University,https://www.michaelkoberst.com,o1IZjggAAAAJ,0000-0003-1720-6702
Michael Schatz,Johns Hopkins University,https://www.cs.jhu.edu/faculty/michael-schatz,rcs6IKwAAAAJ,0000-0000-0000-0000
Mihaela Pertea,Johns Hopkins University,http://ccb.jhu.edu/people/mpertea,fKjqGyEAAAAJ,0000-0003-0762-8637
Misha Kazhdan,Johns Hopkins University,http://www.cs.jhu.edu/~misha,soUq_eQAAAAJ,0000-0002-6904-2167
Murat Kocaoglu,Johns Hopkins University,https://www.muratkocaoglu.com,7N7bzdwAAAAJ,0000-0003-2447-2689
Muyinatu A. Lediju Bell,Johns Hopkins University,https://pulselab.jhu.edu,Yjm8HO4AAAAJ,0000-0002-8394-4482
Najim Dehak,Johns Hopkins University,https://engineering.jhu.edu/faculty/najim-dehak,G43gXjIAAAAJ,0000-0000-0000-0000
Nicolas Christianson,Johns Hopkins University,https://engineering.jhu.edu/faculty/nicolas-christianson,XS2UFA8AAAAJ,0000-0001-8330-8964
Nicolas Loizou,Johns Hopkins University,https://nicolasloizou.github.io,mvDmzAQAAAAJ,0000-0000-0000-0000
Noah J. Cowan,Johns Hopkins University,https://limbs.lcsr.jhu.edu,V6LJpwgAAAAJ,0000-0003-2502-3770
Noah John Cowan,Johns Hopkins University,https://limbs.lcsr.jhu.edu,V6LJpwgAAAAJ,0000-0003-2502-3770
Peirong Liu,Johns Hopkins University,https://engineering.jhu.edu/faculty/peirong-liu,x12zA5gAAAAJ,0000-0001-7645-009X
Philipp Koehn,Johns Hopkins University,http://www.cs.jhu.edu/~phi,OsIZgIYAAAAJ,0000-0000-0000-0000
Rachel Karchin,Johns Hopkins University,https://karchinlab.org,_3axEQ8AAAAJ,0000-0002-5069-1239
Ralph Etienne-Cummings,Johns Hopkins University,https://engineering.jhu.edu/faculty/ralph-etienne-cummings,AA16968AAAAJ,0000-0003-4445-973X
Rama Chellappa,Johns Hopkins University,https://engineering.jhu.edu/ece/faculty/rama-chellappa,mZxsTCcAAAAJ,0000-0000-0000-0000
Ramalingam Chellappa,Johns Hopkins University,https://engineering.jhu.edu/ece/faculty/rama-chellappa,mZxsTCcAAAAJ,0000-0000-0000-0000
Raman Arora,Johns Hopkins University,http://www.cs.jhu.edu/~raman/Home.html,Spe0xdkAAAAJ,0000-0003-2002-3923
Randal C. Burns,Johns Hopkins University,http://www.cs.jhu.edu/~randal,rTJTJJ4AAAAJ,0000-0002-2924-1997
Rebecca Schulman,Johns Hopkins University,https://engineering.jhu.edu/faculty/rebecca-schulman,segdJQYAAAAJ,0000-0000-0000-0000
Renjie Zhao 0001,Johns Hopkins University,https://renjiezhao.github.io,2IrtUS4AAAAJ,0000-0003-2539-8580
Roy Adams,Johns Hopkins University,https://royadams.github.io,M5yRbdMAAAAJ,0000-0000-0000-0000
Russell H. Taylor,Johns Hopkins University,http://www.cs.jhu.edu/~rht,Ph16U5wAAAAJ,0000-0001-6272-1100
Russell Highsmith Taylor,Johns Hopkins University,http://www.cs.jhu.edu/~rht,Ph16U5wAAAAJ,0000-0000-0000-0000
S. Rao Kosaraju,Johns Hopkins University,http://www.cs.jhu.edu/~kosaraju,NOSCHOLARPAGE,0000-0000-0000-0000
Sanjeev Khudanpur,Johns Hopkins University,https://www.clsp.jhu.edu/faculty/sanjeev-khudanpur,K-BdgNwAAAAJ,0000-0001-5976-0897
Scott F. Smith 0001,Johns Hopkins University,https://www.cs.jhu.edu/~scott,bRjJOrMAAAAJ,0009-0005-0495-2716
Sijia Geng,Johns Hopkins University,https://pensa.engineering.jhu.edu,WNWPOyUAAAAJ,0000-0000-0000-0000
Soledad Villar,Johns Hopkins University,https://engineering.jhu.edu/faculty/soledad-villar,JBGlsDoAAAAJ,0000-0000-0000-0000
Soudeh Ghorbani,Johns Hopkins University,http://soudeh.net,r7kyzkIAAAAJ,0000-0002-1331-1372
Soudeh Ghorbani Khaledi,Johns Hopkins University,http://soudeh.net,r7kyzkIAAAAJ,0000-0002-1331-1372
Stephanie Milani,Johns Hopkins University,https://stephmilani.github.io,vx68rkMAAAAJ,0000-0003-1150-4418
Steven L. Salzberg,Johns Hopkins University,https://salzberg-lab.org,sUVeH-4AAAAJ,0000-0002-8859-7432
Steven Salzberg,Johns Hopkins University,https://salzberg-lab.org,sUVeH-4AAAAJ,0000-0002-8859-7432
Suchi Saria,Johns Hopkins University,https://suchisaria.jhu.edu,FZLHMv8AAAAJ,0000-0000-0000-0000
Susu Xu,Johns Hopkins University,http://susu-xu.com,MSCQE-YAAAAJ,0000-0001-7170-648X
Tamas Budavari,Johns Hopkins University,https://engineering.jhu.edu/ams/faculty/tamas-budavari,VoyeryMAAAAJ,0000-0000-0000-0000
Tamás Budavári,Johns Hopkins University,https://engineering.jhu.edu/ams/faculty/tamas-budavari,VoyeryMAAAAJ,0000-0000-0000-0000
Tianmin Shu,Johns Hopkins University,https://www.tshu.io,YT_ffdwAAAAJ,0000-0000-0000-0000
Tinoosh Mohsenin,Johns Hopkins University,https://eehpc.ece.jhu.edu,9grfK9gAAAAJ,0000-0001-5551-2124
Tiziano Piccardi,Johns Hopkins University,https://piccardi.me,hj-gvXIAAAAJ,0000-0001-9314-1440
Uthsav Chitra,Johns Hopkins University,https://uthsavc.github.io,JPKTNnMAAAAJ,0000-0001-6016-0960
Vishal M. Patel,Johns Hopkins University,https://engineering.jhu.edu/faculty/vishal-patel,AkEXTbIAAAAJ,0000-0002-5239-692X
Vishal Patel 0001,Johns Hopkins University,https://engineering.jhu.edu/faculty/vishal-patel,AkEXTbIAAAAJ,0000-0000-0000-0000
Vladimir Braverman,Johns Hopkins University,https://www.cs.jhu.edu/~vova,DTthB48AAAAJ,0000-0001-7709-8753
Xin Li 0006,Johns Hopkins University,http://www.cs.jhu.edu/~lixints,OUS_bT8AAAAJ,0000-0000-0000-0000
Yair Amir,Johns Hopkins University,http://www.cs.jhu.edu/~yairamir,NOSCHOLARPAGE,0000-0000-0000-0000
Yanif Ahmad,Johns Hopkins University,http://www.cs.jhu.edu/~yanif,BtpxluIAAAAJ,0000-0000-0000-0000
Yaxing Yao,Johns Hopkins University,https://www.cs.jhu.edu/~yaxing,zt8mnzgAAAAJ,0009-0008-7900-9265
Yinzhi Cao,Johns Hopkins University,https://www.cs.jhu.edu/~yzcao,0jBP_aEAAAAJ,0000-0002-9618-4830
Yiqun Chen,Johns Hopkins University,https://yiqunchen.github.io,wXvfG6wAAAAJ,0000-0000-0000-0000
Ziang Xiao,Johns Hopkins University,https://www.ziangxiao.com,MjkODLEAAAAJ,0000-0003-3368-0180
Zih-Yun Chiu,Johns Hopkins University,https://sarahchiu.github.io,6ZEE3pUAAAAJ,0000-0000-0000-0000
Ziyang Li 0002,Johns Hopkins University,https://cs.jhu.edu/~ziyang,Axu--IUAAAAJ,0000-0003-2478-0817
